-- phpMyAdmin SQL Dump
-- version 5.1.1
-- https://www.phpmyadmin.net/
--
-- Host: 127.0.0.1
-- Generation Time: Apr 19, 2022 at 12:25 AM
-- Server version: 10.4.21-MariaDB
-- PHP Version: 7.3.31

SET SQL_MODE = "NO_AUTO_VALUE_ON_ZERO";
START TRANSACTION;
SET time_zone = "+00:00";


/*!40101 SET @OLD_CHARACTER_SET_CLIENT=@@CHARACTER_SET_CLIENT */;
/*!40101 SET @OLD_CHARACTER_SET_RESULTS=@@CHARACTER_SET_RESULTS */;
/*!40101 SET @OLD_COLLATION_CONNECTION=@@COLLATION_CONNECTION */;
/*!40101 SET NAMES utf8mb4 */;

--
-- Database: `multiroundprocurement`
--

-- --------------------------------------------------------

--
-- Table structure for table `contractors`
--

CREATE TABLE `contractors` (
  `contructor_id` int(11) NOT NULL,
  `quality` int(11) NOT NULL,
  `description` varchar(200) COLLATE utf8mb4_unicode_ci NOT NULL,
  `relationship` double NOT NULL,
  `project_id` int(11) DEFAULT NULL
) ENGINE=InnoDB DEFAULT CHARSET=utf8mb4 COLLATE=utf8mb4_unicode_ci;

--
-- Dumping data for table `contractors`
--

INSERT INTO `contractors` (`contructor_id`, `quality`, `description`, `relationship`, `project_id`) VALUES
(0, 1, 'Cong Ty Co Phan Tin Hoc Hong Phuc', 0.88, 0),
(1, 1, 'IDC - Cong Ty Co Phan Thuong Mai IDC', 0.21, 0),
(2, 1, 'Cong Ty TNHH Cong Nghe Thong Tin Viet Nam', 0.86, 0),
(3, 0, 'Cong Ty Co Phan Nguyen Quan', 0.5, 0);

-- --------------------------------------------------------

--
-- Table structure for table `contractors_products`
--

CREATE TABLE `contractors_products` (
  `product_id` int(11) NOT NULL,
  `sell_price` int(11) NOT NULL,
  `buy_price` int(11) NOT NULL,
  `contractor_id` int(11) NOT NULL
) ENGINE=InnoDB DEFAULT CHARSET=utf8mb4 COLLATE=utf8mb4_unicode_ci;

--
-- Dumping data for table `contractors_products`
--

INSERT INTO `contractors_products` (`product_id`, `sell_price`, `buy_price`, `contractor_id`) VALUES
(0, 16182, 13692, 0),
(1, 22309, 21243, 0),
(2, 4965, 3559, 0),
(3, 17985, 17599, 0),
(4, 4118, 3794, 0),
(5, 26138, 17600, 0),
(6, 17897, 12670, 0),
(7, 38801, 17582, 0),
(8, 3240, 2291, 0),
(9, 20149, 9800, 0),
(10, 4756, 4335, 0),
(11, 162078, 105173, 0),
(12, 33086, 29943, 0),
(13, 758350, 349783, 0),
(14, 422178, 277334, 0),
(15, 183439, 156041, 0),
(16, 512511, 287146, 0),
(17, 121471, 120990, 0),
(18, 123020, 73119, 0),
(19, 199479, 180238, 0),
(20, 105307, 101359, 0),
(21, 88110, 73758, 0),
(22, 3819, 3739, 0),
(23, 31017, 17924, 0),
(24, 98719, 97565, 0),
(25, 11275, 8141, 0),
(26, 121785, 86523, 0),
(27, 419196, 411692, 0),
(28, 156546, 142331, 0),
(29, 6417, 5069, 0),
(30, 232079, 200100, 0),
(31, 422399, 357389, 0),
(32, 53127, 47738, 0),
(33, 701783, 523669, 0),
(34, 18932, 11737, 0),
(35, 113896, 111294, 0),
(36, 11103, 10359, 0),
(37, 6640, 6000, 0),
(38, 42383, 37344, 0),
(39, 16590, 15669, 0),
(40, 2358, 1964, 0),
(41, 42984, 28404, 0),
(42, 16027, 14302, 0),
(0, 13707, 9575, 1),
(1, 22496, 12339, 1),
(2, 4200, 3747, 1),
(3, 17123, 11759, 1),
(4, 3369, 2321, 1),
(5, 14975, 14674, 1),
(6, 28684, 18055, 1),
(7, 34924, 21990, 1),
(8, 3330, 1917, 1),
(9, 20320, 19376, 1),
(10, 5537, 2575, 1),
(11, 254655, 143346, 1),
(12, 57590, 30064, 1),
(13, 774044, 366251, 1),
(14, 509898, 339047, 1),
(15, 129448, 124034, 1),
(16, 619899, 396428, 1),
(17, 118286, 75473, 1),
(18, 105598, 102892, 1),
(19, 163523, 162777, 1),
(20, 137393, 109136, 1),
(21, 119093, 85452, 1),
(22, 3871, 3128, 1),
(23, 32456, 23615, 1),
(24, 117036, 114656, 1),
(25, 20441, 19610, 1),
(26, 130168, 119098, 1),
(27, 809118, 328352, 1),
(28, 128012, 106692, 1),
(29, 11530, 7976, 1),
(30, 263223, 167814, 1),
(31, 328393, 175059, 1),
(32, 35829, 27342, 1),
(33, 861630, 787957, 1),
(34, 15093, 14264, 1),
(35, 98893, 84256, 1),
(36, 21678, 15797, 1),
(37, 5641, 5321, 1),
(38, 35670, 22754, 1),
(39, 16108, 7502, 1),
(40, 1401, 1187, 1),
(41, 29066, 16696, 1),
(42, 16816, 16324, 1),
(0, 17338, 12801, 2),
(1, 17490, 15046, 2),
(2, 5308, 2913, 2),
(3, 14612, 8099, 2),
(4, 3473, 3153, 2),
(5, 15649, 10397, 2),
(6, 17052, 11569, 2),
(7, 34090, 22490, 2),
(8, 2785, 2026, 2),
(9, 18197, 17715, 2),
(10, 5407, 3595, 2),
(11, 122715, 118140, 2),
(12, 50049, 38398, 2),
(13, 668807, 531436, 2),
(14, 343959, 260656, 2),
(15, 161095, 114302, 2),
(16, 554992, 331631, 2),
(17, 84543, 73014, 2),
(18, 105266, 103873, 2),
(19, 174066, 142933, 2),
(20, 70974, 68595, 2),
(21, 84915, 76982, 2),
(22, 1895, 1639, 2),
(23, 19943, 12899, 2),
(24, 114953, 111865, 2),
(25, 17985, 12889, 2),
(26, 116394, 89551, 2),
(27, 682552, 538035, 2),
(28, 100224, 65949, 2),
(29, 7638, 5342, 2),
(30, 250916, 220544, 2),
(31, 326631, 265733, 2),
(32, 45352, 27035, 2),
(33, 749224, 609652, 2),
(34, 18187, 10188, 2),
(35, 86817, 71344, 2),
(36, 19352, 9500, 2),
(37, 6130, 4643, 2),
(38, 26234, 20870, 2),
(39, 10345, 6922, 2),
(40, 1862, 1806, 2),
(41, 36795, 24143, 2),
(42, 13359, 11228, 2),
(0, 7679, 7317, 3),
(1, 9581, 9461, 3),
(2, 2404, 2332, 3),
(3, 7377, 6960, 3),
(4, 1973, 1945, 3),
(5, 10979, 10489, 3),
(6, 12449, 12158, 3),
(7, 16417, 16083, 3),
(8, 1497, 1464, 3),
(9, 8998, 8639, 3),
(10, 2584, 2383, 3),
(11, 101102, 99212, 3),
(12, 26340, 26166, 3),
(13, 341627, 334142, 3),
(14, 234392, 224330, 3),
(15, 87961, 86439, 3),
(16, 262164, 259293, 3),
(17, 61137, 58024, 3),
(18, 52597, 51335, 3),
(19, 78539, 75552, 3),
(20, 55577, 54705, 3),
(21, 47566, 46036, 3),
(22, 1556, 1519, 3),
(23, 13574, 12523, 3),
(24, 50012, 49941, 3),
(25, 8117, 8101, 3),
(26, 51027, 50964, 3),
(27, 335248, 322262, 3),
(28, 68648, 66429, 3),
(29, 4990, 4940, 3),
(30, 120411, 119244, 3),
(31, 172284, 169460, 3),
(32, 22867, 21984, 3),
(33, 376486, 367790, 3),
(34, 9232, 9034, 3),
(35, 44165, 43744, 3),
(36, 10080, 9665, 3),
(37, 3048, 2874, 3),
(38, 17752, 17343, 3),
(39, 6218, 6162, 3),
(40, 957, 886, 3),
(41, 16385, 15933, 3),
(42, 10915, 10765, 3);

-- --------------------------------------------------------

--
-- Table structure for table `discounts`
--

CREATE TABLE `discounts` (
  `contractor_id` int(11) NOT NULL,
  `product_id` int(11) NOT NULL,
  `dis_from` date NOT NULL,
  `dis_to` date NOT NULL,
  `rate` double NOT NULL
) ENGINE=InnoDB DEFAULT CHARSET=utf8mb4 COLLATE=utf8mb4_unicode_ci;

--
-- Dumping data for table `discounts`
--

INSERT INTO `discounts` (`contractor_id`, `product_id`, `dis_from`, `dis_to`, `rate`) VALUES
(0, 0, '2017-01-01', '2017-05-22', 0.02),
(0, 0, '2017-05-22', '2017-07-05', 0.04),
(0, 1, '2017-01-01', '2017-03-23', 0.03),
(0, 1, '2017-03-23', '2017-07-05', 0),
(0, 2, '2017-01-01', '2017-02-03', 0.07),
(0, 2, '2017-02-03', '2017-02-22', 0.1),
(0, 2, '2017-02-22', '2017-03-08', 0.11),
(0, 2, '2017-03-08', '2017-07-05', 0.11),
(0, 3, '2017-01-01', '2017-02-18', 0),
(0, 3, '2017-02-18', '2017-04-07', 0),
(0, 3, '2017-04-07', '2017-04-11', 0),
(0, 3, '2017-04-11', '2017-07-05', 0.01),
(0, 4, '2017-01-01', '2017-01-04', 0.07),
(0, 4, '2017-01-04', '2017-06-28', 0.03),
(0, 4, '2017-06-28', '2017-07-05', 0.01),
(0, 5, '2017-01-01', '2017-03-01', 0.12),
(0, 5, '2017-03-01', '2017-04-18', 0.11),
(0, 5, '2017-04-18', '2017-07-05', 0),
(0, 6, '2017-01-01', '2017-02-03', 0.04),
(0, 6, '2017-02-03', '2017-07-05', 0.02),
(0, 7, '2017-01-01', '2017-01-30', 0.03),
(0, 7, '2017-01-30', '2017-05-03', 0.08),
(0, 7, '2017-05-03', '2017-07-05', 0.05),
(0, 8, '2017-01-01', '2017-02-03', 0.12),
(0, 8, '2017-02-03', '2017-06-17', 0.05),
(0, 8, '2017-06-17', '2017-07-05', 0.09),
(0, 9, '2017-01-01', '2017-04-07', 0.01),
(0, 9, '2017-04-07', '2017-05-26', 0.11),
(0, 9, '2017-05-26', '2017-07-05', 0.04),
(0, 10, '2017-01-01', '2017-03-31', 0.04),
(0, 10, '2017-03-31', '2017-04-22', 0.07),
(0, 10, '2017-04-22', '2017-07-02', 0.08),
(0, 10, '2017-07-02', '2017-07-05', 0.05),
(0, 11, '2017-01-01', '2017-02-07', 0.13),
(0, 11, '2017-02-07', '2017-05-11', 0.1),
(0, 11, '2017-05-11', '2017-05-22', 0.14),
(0, 11, '2017-05-22', '2017-07-05', 0.14),
(0, 12, '2017-01-01', '2017-04-15', 0.06),
(0, 12, '2017-04-15', '2017-06-02', 0.06),
(0, 12, '2017-06-02', '2017-07-05', 0.06),
(0, 13, '2017-01-01', '2017-06-13', 0.02),
(0, 13, '2017-06-13', '2017-07-05', 0.09),
(0, 14, '2017-01-01', '2017-01-30', 0.13),
(0, 14, '2017-01-30', '2017-04-22', 0.08),
(0, 14, '2017-04-22', '2017-07-05', 0.03),
(0, 15, '2017-01-01', '2017-01-08', 0.03),
(0, 15, '2017-01-08', '2017-07-05', 0.05),
(0, 16, '2017-01-01', '2017-01-15', 0.06),
(0, 16, '2017-01-15', '2017-01-19', 0.02),
(0, 16, '2017-01-19', '2017-05-18', 0.13),
(0, 16, '2017-05-18', '2017-07-05', 0.07),
(0, 17, '2017-01-01', '2017-01-15', 0),
(0, 17, '2017-01-15', '2017-02-10', 0),
(0, 17, '2017-02-10', '2017-07-05', 0),
(0, 18, '2017-01-01', '2017-02-14', 0.13),
(0, 18, '2017-02-14', '2017-07-05', 0.01),
(0, 19, '2017-01-01', '2017-06-06', 0.02),
(0, 19, '2017-06-06', '2017-06-17', 0.06),
(0, 19, '2017-06-17', '2017-07-05', 0.08),
(0, 20, '2017-01-01', '2017-02-03', 0.02),
(0, 20, '2017-02-03', '2017-07-05', 0),
(0, 21, '2017-01-01', '2017-05-03', 0.08),
(0, 21, '2017-05-03', '2017-07-05', 0.12),
(0, 22, '2017-01-01', '2017-05-03', 0.01),
(0, 22, '2017-05-03', '2017-07-05', 0.02),
(0, 23, '2017-01-01', '2017-01-04', 0.13),
(0, 23, '2017-01-04', '2017-06-28', 0.02),
(0, 23, '2017-06-28', '2017-07-05', 0.06),
(0, 24, '2017-01-01', '2017-01-15', 0),
(0, 24, '2017-01-15', '2017-07-05', 0.01),
(0, 25, '2017-01-01', '2017-04-07', 0.07),
(0, 25, '2017-04-07', '2017-07-05', 0.09),
(0, 26, '2017-01-01', '2017-02-18', 0.05),
(0, 26, '2017-02-18', '2017-07-05', 0.1),
(0, 27, '2017-01-01', '2017-02-10', 0.01),
(0, 27, '2017-02-10', '2017-03-20', 0.01),
(0, 27, '2017-03-20', '2017-07-05', 0.01),
(0, 28, '2017-01-01', '2017-05-29', 0.07),
(0, 28, '2017-05-29', '2017-07-05', 0.01),
(0, 29, '2017-01-01', '2017-06-13', 0.06),
(0, 29, '2017-06-13', '2017-07-05', 0.09),
(0, 30, '2017-01-01', '2017-06-28', 0.03),
(0, 30, '2017-06-28', '2017-07-05', 0.05),
(0, 31, '2017-01-01', '2017-03-20', 0.11),
(0, 31, '2017-03-20', '2017-06-13', 0.1),
(0, 31, '2017-06-13', '2017-07-05', 0.09),
(0, 32, '2017-01-01', '2017-04-22', 0.1),
(0, 32, '2017-04-22', '2017-05-26', 0.08),
(0, 32, '2017-05-26', '2017-06-17', 0.01),
(0, 32, '2017-06-17', '2017-07-05', 0.1),
(0, 33, '2017-01-01', '2017-03-08', 0.06),
(0, 33, '2017-03-08', '2017-03-16', 0.07),
(0, 33, '2017-03-16', '2017-05-18', 0.13),
(0, 33, '2017-05-18', '2017-07-05', 0.1),
(0, 34, '2017-01-01', '2017-05-07', 0.12),
(0, 34, '2017-05-07', '2017-05-26', 0.08),
(0, 34, '2017-05-26', '2017-06-09', 0.09),
(0, 34, '2017-06-09', '2017-07-05', 0.02),
(0, 35, '2017-01-01', '2017-01-12', 0.01),
(0, 35, '2017-01-12', '2017-03-20', 0.02),
(0, 35, '2017-03-20', '2017-04-30', 0.02),
(0, 35, '2017-04-30', '2017-07-05', 0.02),
(0, 36, '2017-01-01', '2017-02-25', 0.05),
(0, 36, '2017-02-25', '2017-07-05', 0.01),
(0, 37, '2017-01-01', '2017-02-22', 0.08),
(0, 37, '2017-02-22', '2017-03-05', 0.02),
(0, 37, '2017-03-05', '2017-05-29', 0.07),
(0, 37, '2017-05-29', '2017-07-05', 0.09),
(0, 38, '2017-01-01', '2017-05-22', 0.07),
(0, 38, '2017-05-22', '2017-06-02', 0.11),
(0, 38, '2017-06-02', '2017-07-05', 0.11),
(0, 39, '2017-01-01', '2017-03-23', 0.02),
(0, 39, '2017-03-23', '2017-04-15', 0.03),
(0, 39, '2017-04-15', '2017-06-17', 0.02),
(0, 39, '2017-06-17', '2017-07-05', 0.05),
(0, 40, '2017-01-01', '2017-04-15', 0.13),
(0, 40, '2017-04-15', '2017-07-05', 0.02),
(0, 41, '2017-01-01', '2017-05-26', 0.09),
(0, 41, '2017-05-26', '2017-07-05', 0.13),
(0, 42, '2017-01-01', '2017-01-04', 0.08),
(0, 42, '2017-01-04', '2017-05-07', 0.07),
(0, 42, '2017-05-07', '2017-07-05', 0.06),
(0, 0, '2017-01-01', '2017-04-15', 0.11),
(0, 0, '2017-04-15', '2017-07-05', 0.11),
(0, 1, '2017-01-01', '2017-01-27', 0.04),
(0, 1, '2017-01-27', '2017-04-18', 0.03),
(0, 1, '2017-04-18', '2017-07-05', 0.01),
(0, 2, '2017-01-01', '2017-02-03', 0.09),
(0, 2, '2017-02-03', '2017-07-05', 0.05),
(0, 3, '2017-01-01', '2017-01-12', 0.02),
(0, 3, '2017-01-12', '2017-04-26', 0.02),
(0, 3, '2017-04-26', '2017-04-30', 0),
(0, 3, '2017-04-30', '2017-07-05', 0.01),
(0, 4, '2017-01-01', '2017-01-15', 0.05),
(0, 4, '2017-01-15', '2017-01-30', 0.06),
(0, 4, '2017-01-30', '2017-05-14', 0.05),
(0, 4, '2017-05-14', '2017-07-05', 0.07),
(0, 5, '2017-01-01', '2017-02-03', 0.13),
(0, 5, '2017-02-03', '2017-03-27', 0.06),
(0, 5, '2017-03-27', '2017-06-17', 0.05),
(0, 5, '2017-06-17', '2017-07-05', 0.11),
(0, 6, '2017-01-01', '2017-03-05', 0.04),
(0, 6, '2017-03-05', '2017-07-05', 0.14),
(0, 7, '2017-01-01', '2017-04-11', 0.13),
(0, 7, '2017-04-11', '2017-05-26', 0.13),
(0, 7, '2017-05-26', '2017-07-05', 0.1),
(0, 8, '2017-01-01', '2017-06-13', 0.1),
(0, 8, '2017-06-13', '2017-07-05', 0.12),
(0, 9, '2017-01-01', '2017-05-07', 0.1),
(0, 9, '2017-05-07', '2017-06-21', 0.05),
(0, 9, '2017-06-21', '2017-07-05', 0.13),
(0, 10, '2017-01-01', '2017-03-31', 0.08),
(0, 10, '2017-03-31', '2017-05-22', 0.05),
(0, 10, '2017-05-22', '2017-07-05', 0),
(0, 11, '2017-01-01', '2017-05-11', 0.1),
(0, 11, '2017-05-11', '2017-06-02', 0.11),
(0, 11, '2017-06-02', '2017-07-05', 0.11),
(0, 12, '2017-01-01', '2017-01-08', 0.02),
(0, 12, '2017-01-08', '2017-01-27', 0.03),
(0, 12, '2017-01-27', '2017-06-24', 0.06),
(0, 12, '2017-06-24', '2017-07-05', 0.09),
(0, 13, '2017-01-01', '2017-01-15', 0.02),
(0, 13, '2017-01-15', '2017-05-03', 0.01),
(0, 13, '2017-05-03', '2017-07-05', 0.13),
(0, 14, '2017-01-01', '2017-02-25', 0.06),
(0, 14, '2017-02-25', '2017-06-21', 0.06),
(0, 14, '2017-06-21', '2017-07-05', 0.03),
(0, 15, '2017-01-01', '2017-02-22', 0.08),
(0, 15, '2017-02-22', '2017-05-26', 0.11),
(0, 15, '2017-05-26', '2017-06-24', 0.03),
(0, 15, '2017-06-24', '2017-07-05', 0.01),
(0, 16, '2017-01-01', '2017-02-03', 0.11),
(0, 16, '2017-02-03', '2017-06-24', 0.06),
(0, 16, '2017-06-24', '2017-07-05', 0.04),
(0, 17, '2017-01-01', '2017-01-23', 0),
(0, 17, '2017-01-23', '2017-05-03', 0),
(0, 17, '2017-05-03', '2017-07-05', 0),
(0, 18, '2017-01-01', '2017-01-19', 0.08),
(0, 18, '2017-01-19', '2017-02-03', 0.07),
(0, 18, '2017-02-03', '2017-04-30', 0.14),
(0, 18, '2017-04-30', '2017-07-05', 0.13),
(0, 19, '2017-01-01', '2017-02-07', 0.07),
(0, 19, '2017-02-07', '2017-07-05', 0.06),
(0, 20, '2017-01-01', '2017-03-12', 0.03),
(0, 20, '2017-03-12', '2017-07-05', 0.02),
(0, 21, '2017-01-01', '2017-02-10', 0.13),
(0, 21, '2017-02-10', '2017-05-03', 0.13),
(0, 21, '2017-05-03', '2017-07-05', 0.14),
(0, 22, '2017-01-01', '2017-02-07', 0.01),
(0, 22, '2017-02-07', '2017-03-12', 0.01),
(0, 22, '2017-03-12', '2017-04-30', 0.02),
(0, 22, '2017-04-30', '2017-07-05', 0.01),
(0, 23, '2017-01-01', '2017-01-15', 0.08),
(0, 23, '2017-01-15', '2017-07-05', 0.02),
(0, 24, '2017-01-01', '2017-04-26', 0.01),
(0, 24, '2017-04-26', '2017-07-05', 0),
(0, 25, '2017-01-01', '2017-03-27', 0.04),
(0, 25, '2017-03-27', '2017-05-22', 0.05),
(0, 25, '2017-05-22', '2017-07-05', 0.13),
(0, 26, '2017-01-01', '2017-05-18', 0.07),
(0, 26, '2017-05-18', '2017-06-13', 0.08),
(0, 26, '2017-06-13', '2017-07-05', 0.14),
(0, 27, '2017-01-01', '2017-03-27', 0),
(0, 27, '2017-03-27', '2017-05-18', 0.01),
(0, 27, '2017-05-18', '2017-07-05', 0.01),
(0, 28, '2017-01-01', '2017-01-04', 0.03),
(0, 28, '2017-01-04', '2017-01-08', 0.08),
(0, 28, '2017-01-08', '2017-06-17', 0.07),
(0, 28, '2017-06-17', '2017-07-05', 0.06),
(0, 29, '2017-01-01', '2017-01-27', 0.06),
(0, 29, '2017-01-27', '2017-02-25', 0.13),
(0, 29, '2017-02-25', '2017-07-05', 0.13),
(0, 30, '2017-01-01', '2017-03-27', 0.12),
(0, 30, '2017-03-27', '2017-05-07', 0.03),
(0, 30, '2017-05-07', '2017-07-05', 0.03),
(0, 31, '2017-01-01', '2017-01-15', 0.12),
(0, 31, '2017-01-15', '2017-03-16', 0.05),
(0, 31, '2017-03-16', '2017-05-18', 0.06),
(0, 31, '2017-05-18', '2017-07-05', 0.13),
(0, 32, '2017-01-01', '2017-01-30', 0.05),
(0, 32, '2017-01-30', '2017-02-18', 0.09),
(0, 32, '2017-02-18', '2017-07-05', 0.03),
(0, 33, '2017-01-01', '2017-03-05', 0.07),
(0, 33, '2017-03-05', '2017-07-05', 0.14),
(0, 34, '2017-01-01', '2017-01-30', 0.11),
(0, 34, '2017-01-30', '2017-07-05', 0.09),
(0, 35, '2017-01-01', '2017-01-19', 0.01),
(0, 35, '2017-01-19', '2017-02-03', 0.01),
(0, 35, '2017-02-03', '2017-04-03', 0.02),
(0, 35, '2017-04-03', '2017-07-05', 0.02),
(0, 36, '2017-01-01', '2017-03-05', 0.05),
(0, 36, '2017-03-05', '2017-06-02', 0.04),
(0, 36, '2017-06-02', '2017-06-09', 0.06),
(0, 36, '2017-06-09', '2017-07-05', 0.05),
(0, 37, '2017-01-01', '2017-03-20', 0.02),
(0, 37, '2017-03-20', '2017-07-05', 0.02),
(0, 38, '2017-01-01', '2017-01-12', 0.01),
(0, 38, '2017-01-12', '2017-05-03', 0.01),
(0, 38, '2017-05-03', '2017-05-07', 0.11),
(0, 38, '2017-05-07', '2017-07-05', 0.07),
(0, 39, '2017-01-01', '2017-05-22', 0.05),
(0, 39, '2017-05-22', '2017-07-05', 0.04),
(0, 40, '2017-01-01', '2017-03-31', 0.01),
(0, 40, '2017-03-31', '2017-07-05', 0.04),
(0, 41, '2017-01-01', '2017-04-03', 0.04),
(0, 41, '2017-04-03', '2017-04-18', 0.08),
(0, 41, '2017-04-18', '2017-06-28', 0.1),
(0, 41, '2017-06-28', '2017-07-05', 0.07),
(0, 42, '2017-01-01', '2017-03-16', 0.1),
(0, 42, '2017-03-16', '2017-07-05', 0.02),
(1, 0, '2017-01-01', '2017-03-01', 0.14),
(1, 0, '2017-03-01', '2017-04-03', 0.04),
(1, 0, '2017-04-03', '2017-07-05', 0.11),
(1, 1, '2017-01-01', '2017-01-27', 0.12),
(1, 1, '2017-01-27', '2017-05-29', 0.07),
(1, 1, '2017-05-29', '2017-07-05', 0.01),
(1, 2, '2017-01-01', '2017-01-12', 0.09),
(1, 2, '2017-01-12', '2017-06-17', 0.01),
(1, 2, '2017-06-17', '2017-07-05', 0.07),
(1, 3, '2017-01-01', '2017-04-26', 0.01),
(1, 3, '2017-04-26', '2017-05-14', 0.08),
(1, 3, '2017-05-14', '2017-06-09', 0.02),
(1, 3, '2017-06-09', '2017-07-05', 0.14),
(1, 4, '2017-01-01', '2017-02-14', 0.07),
(1, 4, '2017-02-14', '2017-04-07', 0.01),
(1, 4, '2017-04-07', '2017-07-05', 0.05),
(1, 5, '2017-01-01', '2017-05-03', 0.02),
(1, 5, '2017-05-03', '2017-06-13', 0),
(1, 5, '2017-06-13', '2017-07-05', 0),
(1, 6, '2017-01-01', '2017-04-30', 0.06),
(1, 6, '2017-04-30', '2017-05-03', 0.12),
(1, 6, '2017-05-03', '2017-07-05', 0.11),
(1, 7, '2017-01-01', '2017-03-05', 0.08),
(1, 7, '2017-03-05', '2017-04-22', 0.01),
(1, 7, '2017-04-22', '2017-07-05', 0.07),
(1, 8, '2017-01-01', '2017-06-17', 0.03),
(1, 8, '2017-06-17', '2017-07-05', 0),
(1, 9, '2017-01-01', '2017-04-11', 0.01),
(1, 9, '2017-04-11', '2017-07-05', 0.04),
(1, 10, '2017-01-01', '2017-06-21', 0.08),
(1, 10, '2017-06-21', '2017-07-05', 0.02),
(1, 11, '2017-01-01', '2017-04-11', 0.05),
(1, 11, '2017-04-11', '2017-06-13', 0.08),
(1, 11, '2017-06-13', '2017-07-05', 0.14),
(1, 12, '2017-01-01', '2017-05-11', 0.07),
(1, 12, '2017-05-11', '2017-05-26', 0.02),
(1, 12, '2017-05-26', '2017-07-05', 0.11),
(1, 13, '2017-01-01', '2017-02-07', 0.09),
(1, 13, '2017-02-07', '2017-03-01', 0.01),
(1, 13, '2017-03-01', '2017-03-12', 0.11),
(1, 13, '2017-03-12', '2017-07-05', 0.14),
(1, 14, '2017-01-01', '2017-01-30', 0.02),
(1, 14, '2017-01-30', '2017-03-12', 0.14),
(1, 14, '2017-03-12', '2017-04-07', 0.06),
(1, 14, '2017-04-07', '2017-07-05', 0.01),
(1, 15, '2017-01-01', '2017-01-27', 0.04),
(1, 15, '2017-01-27', '2017-03-08', 0.01),
(1, 15, '2017-03-08', '2017-07-05', 0.04),
(1, 16, '2017-01-01', '2017-01-12', 0.02),
(1, 16, '2017-01-12', '2017-01-23', 0.06),
(1, 16, '2017-01-23', '2017-03-05', 0.07),
(1, 16, '2017-03-05', '2017-07-05', 0.12),
(1, 17, '2017-01-01', '2017-03-05', 0),
(1, 17, '2017-03-05', '2017-04-03', 0.06),
(1, 17, '2017-04-03', '2017-07-05', 0.13),
(1, 18, '2017-01-01', '2017-05-29', 0),
(1, 18, '2017-05-29', '2017-07-05', 0.01),
(1, 19, '2017-01-01', '2017-02-22', 0),
(1, 19, '2017-02-22', '2017-04-15', 0),
(1, 19, '2017-04-15', '2017-07-05', 0),
(1, 20, '2017-01-01', '2017-04-22', 0.11),
(1, 20, '2017-04-22', '2017-07-05', 0.07),
(1, 21, '2017-01-01', '2017-01-08', 0.13),
(1, 21, '2017-01-08', '2017-02-03', 0),
(1, 21, '2017-02-03', '2017-03-08', 0.09),
(1, 21, '2017-03-08', '2017-07-05', 0.11),
(1, 22, '2017-01-01', '2017-01-08', 0.04),
(1, 22, '2017-01-08', '2017-03-12', 0.05),
(1, 22, '2017-03-12', '2017-03-23', 0.14),
(1, 22, '2017-03-23', '2017-07-05', 0.05),
(1, 23, '2017-01-01', '2017-02-22', 0.06),
(1, 23, '2017-02-22', '2017-03-23', 0.1),
(1, 23, '2017-03-23', '2017-07-05', 0.09),
(1, 24, '2017-01-01', '2017-02-18', 0.02),
(1, 24, '2017-02-18', '2017-07-02', 0.01),
(1, 24, '2017-07-02', '2017-07-05', 0.02),
(1, 25, '2017-01-01', '2017-05-29', 0),
(1, 25, '2017-05-29', '2017-07-05', 0.01),
(1, 26, '2017-01-01', '2017-03-31', 0.03),
(1, 26, '2017-03-31', '2017-05-29', 0.02),
(1, 26, '2017-05-29', '2017-06-02', 0.01),
(1, 26, '2017-06-02', '2017-07-05', 0.03),
(1, 27, '2017-01-01', '2017-05-03', 0.06),
(1, 27, '2017-05-03', '2017-06-17', 0.05),
(1, 27, '2017-06-17', '2017-07-05', 0.13),
(1, 28, '2017-01-01', '2017-06-02', 0.02),
(1, 28, '2017-06-02', '2017-07-05', 0.1),
(1, 29, '2017-01-01', '2017-01-04', 0.01),
(1, 29, '2017-01-04', '2017-01-08', 0),
(1, 29, '2017-01-08', '2017-02-22', 0.01),
(1, 29, '2017-02-22', '2017-07-05', 0.06),
(1, 30, '2017-01-01', '2017-01-19', 0.06),
(1, 30, '2017-01-19', '2017-04-11', 0.04),
(1, 30, '2017-04-11', '2017-07-05', 0.04),
(1, 31, '2017-01-01', '2017-02-07', 0.02),
(1, 31, '2017-02-07', '2017-06-28', 0.03),
(1, 31, '2017-06-28', '2017-07-05', 0.04),
(1, 32, '2017-01-01', '2017-01-23', 0.03),
(1, 32, '2017-01-23', '2017-01-27', 0.11),
(1, 32, '2017-01-27', '2017-07-05', 0.01),
(1, 33, '2017-01-01', '2017-03-20', 0.02),
(1, 33, '2017-03-20', '2017-04-22', 0.05),
(1, 33, '2017-04-22', '2017-07-05', 0.07),
(1, 34, '2017-01-01', '2017-02-07', 0.05),
(1, 34, '2017-02-07', '2017-02-25', 0.01),
(1, 34, '2017-02-25', '2017-03-27', 0.02),
(1, 34, '2017-03-27', '2017-07-05', 0),
(1, 35, '2017-01-01', '2017-01-27', 0.11),
(1, 35, '2017-01-27', '2017-07-05', 0.04),
(1, 36, '2017-01-01', '2017-01-12', 0.03),
(1, 36, '2017-01-12', '2017-07-05', 0.01),
(1, 37, '2017-01-01', '2017-01-08', 0),
(1, 37, '2017-01-08', '2017-05-03', 0.04),
(1, 37, '2017-05-03', '2017-07-05', 0.03),
(1, 38, '2017-01-01', '2017-02-25', 0.14),
(1, 38, '2017-02-25', '2017-03-12', 0.04),
(1, 38, '2017-03-12', '2017-03-20', 0.13),
(1, 38, '2017-03-20', '2017-07-05', 0.07),
(1, 39, '2017-01-01', '2017-01-15', 0.04),
(1, 39, '2017-01-15', '2017-01-27', 0.06),
(1, 39, '2017-01-27', '2017-04-15', 0.04),
(1, 39, '2017-04-15', '2017-07-05', 0.01),
(1, 40, '2017-01-01', '2017-04-26', 0.14),
(1, 40, '2017-04-26', '2017-07-05', 0.04),
(1, 41, '2017-01-01', '2017-04-03', 0.11),
(1, 41, '2017-04-03', '2017-06-17', 0.08),
(1, 41, '2017-06-17', '2017-07-05', 0.11),
(1, 42, '2017-01-01', '2017-03-23', 0.01),
(1, 42, '2017-03-23', '2017-06-06', 0.01),
(1, 42, '2017-06-06', '2017-06-17', 0.02),
(1, 42, '2017-06-17', '2017-07-05', 0.02),
(1, 0, '2017-01-01', '2017-06-13', 0.03),
(1, 0, '2017-06-13', '2017-07-05', 0.09),
(1, 1, '2017-01-01', '2017-05-03', 0.09),
(1, 1, '2017-05-03', '2017-07-05', 0.13),
(1, 2, '2017-01-01', '2017-02-25', 0.08),
(1, 2, '2017-02-25', '2017-04-18', 0.08),
(1, 2, '2017-04-18', '2017-05-18', 0.03),
(1, 2, '2017-05-18', '2017-07-05', 0.01),
(1, 3, '2017-01-01', '2017-01-19', 0.02),
(1, 3, '2017-01-19', '2017-05-29', 0.1),
(1, 3, '2017-05-29', '2017-07-05', 0.05),
(1, 4, '2017-01-01', '2017-01-12', 0.05),
(1, 4, '2017-01-12', '2017-02-03', 0.12),
(1, 4, '2017-02-03', '2017-07-05', 0.04),
(1, 5, '2017-01-01', '2017-01-27', 0.01),
(1, 5, '2017-01-27', '2017-04-11', 0),
(1, 5, '2017-04-11', '2017-05-07', 0.01),
(1, 5, '2017-05-07', '2017-07-05', 0.02),
(1, 6, '2017-01-01', '2017-04-18', 0.04),
(1, 6, '2017-04-18', '2017-05-07', 0.07),
(1, 6, '2017-05-07', '2017-06-02', 0.07),
(1, 6, '2017-06-02', '2017-07-05', 0.06),
(1, 7, '2017-01-01', '2017-01-19', 0.1),
(1, 7, '2017-01-19', '2017-06-06', 0.06),
(1, 7, '2017-06-06', '2017-07-02', 0.08),
(1, 7, '2017-07-02', '2017-07-05', 0.1),
(1, 8, '2017-01-01', '2017-03-23', 0.11),
(1, 8, '2017-03-23', '2017-07-05', 0.02),
(1, 9, '2017-01-01', '2017-02-10', 0.01),
(1, 9, '2017-02-10', '2017-04-26', 0.04),
(1, 9, '2017-04-26', '2017-07-05', 0.04),
(1, 10, '2017-01-01', '2017-05-11', 0.14),
(1, 10, '2017-05-11', '2017-07-05', 0.14),
(1, 11, '2017-01-01', '2017-03-31', 0),
(1, 11, '2017-03-31', '2017-04-07', 0.07),
(1, 11, '2017-04-07', '2017-05-18', 0.06),
(1, 11, '2017-05-18', '2017-07-05', 0.03),
(1, 12, '2017-01-01', '2017-03-08', 0.04),
(1, 12, '2017-03-08', '2017-03-23', 0),
(1, 12, '2017-03-23', '2017-04-11', 0.08),
(1, 12, '2017-04-11', '2017-07-05', 0.12),
(1, 13, '2017-01-01', '2017-07-02', 0.1),
(1, 13, '2017-07-02', '2017-07-05', 0.11),
(1, 14, '2017-01-01', '2017-06-09', 0.05),
(1, 14, '2017-06-09', '2017-07-05', 0.11),
(1, 15, '2017-01-01', '2017-02-22', 0.04),
(1, 15, '2017-02-22', '2017-03-01', 0.02),
(1, 15, '2017-03-01', '2017-07-05', 0.03),
(1, 16, '2017-01-01', '2017-04-03', 0.1),
(1, 16, '2017-04-03', '2017-06-21', 0.06),
(1, 16, '2017-06-21', '2017-07-05', 0.09),
(1, 17, '2017-01-01', '2017-05-29', 0.05),
(1, 17, '2017-05-29', '2017-06-21', 0.07),
(1, 17, '2017-06-21', '2017-07-05', 0.02),
(1, 18, '2017-01-01', '2017-02-14', 0.02),
(1, 18, '2017-02-14', '2017-07-02', 0.02),
(1, 18, '2017-07-02', '2017-07-05', 0.02),
(1, 19, '2017-01-01', '2017-05-14', 0),
(1, 19, '2017-05-14', '2017-07-05', 0),
(1, 20, '2017-01-01', '2017-01-27', 0.13),
(1, 20, '2017-01-27', '2017-02-03', 0.07),
(1, 20, '2017-02-03', '2017-02-18', 0.13),
(1, 20, '2017-02-18', '2017-07-05', 0.02),
(1, 21, '2017-01-01', '2017-04-07', 0.09),
(1, 21, '2017-04-07', '2017-07-05', 0.08),
(1, 22, '2017-01-01', '2017-04-22', 0.07),
(1, 22, '2017-04-22', '2017-05-26', 0.13),
(1, 22, '2017-05-26', '2017-07-05', 0.04),
(1, 23, '2017-01-01', '2017-02-03', 0.03),
(1, 23, '2017-02-03', '2017-03-20', 0.05),
(1, 23, '2017-03-20', '2017-07-05', 0.11),
(1, 24, '2017-01-01', '2017-04-07', 0.01),
(1, 24, '2017-04-07', '2017-05-18', 0),
(1, 24, '2017-05-18', '2017-07-02', 0),
(1, 24, '2017-07-02', '2017-07-05', 0.02),
(1, 25, '2017-01-01', '2017-01-30', 0.01),
(1, 25, '2017-01-30', '2017-06-09', 0.03),
(1, 25, '2017-06-09', '2017-07-05', 0.02),
(1, 26, '2017-01-01', '2017-03-12', 0.07),
(1, 26, '2017-03-12', '2017-04-18', 0.08),
(1, 26, '2017-04-18', '2017-05-29', 0.04),
(1, 26, '2017-05-29', '2017-07-05', 0.08),
(1, 27, '2017-01-01', '2017-04-03', 0),
(1, 27, '2017-04-03', '2017-05-26', 0.12),
(1, 27, '2017-05-26', '2017-07-05', 0.01),
(1, 28, '2017-01-01', '2017-03-23', 0.04),
(1, 28, '2017-03-23', '2017-05-11', 0.08),
(1, 28, '2017-05-11', '2017-06-09', 0.11),
(1, 28, '2017-06-09', '2017-07-05', 0.05),
(1, 29, '2017-01-01', '2017-01-19', 0.01),
(1, 29, '2017-01-19', '2017-04-22', 0.09),
(1, 29, '2017-04-22', '2017-07-05', 0.06),
(1, 30, '2017-01-01', '2017-02-18', 0.09),
(1, 30, '2017-02-18', '2017-07-05', 0.07),
(1, 31, '2017-01-01', '2017-03-27', 0.04),
(1, 31, '2017-03-27', '2017-05-14', 0.13),
(1, 31, '2017-05-14', '2017-07-05', 0.04),
(1, 32, '2017-01-01', '2017-03-01', 0.11),
(1, 32, '2017-03-01', '2017-04-03', 0.05),
(1, 32, '2017-04-03', '2017-07-05', 0),
(1, 33, '2017-01-01', '2017-03-05', 0.05),
(1, 33, '2017-03-05', '2017-07-05', 0.04),
(1, 34, '2017-01-01', '2017-02-14', 0.05),
(1, 34, '2017-02-14', '2017-02-25', 0.03),
(1, 34, '2017-02-25', '2017-06-17', 0.05),
(1, 34, '2017-06-17', '2017-07-05', 0.02),
(1, 35, '2017-01-01', '2017-04-03', 0.07),
(1, 35, '2017-04-03', '2017-04-11', 0.07),
(1, 35, '2017-04-11', '2017-07-05', 0.08),
(1, 36, '2017-01-01', '2017-03-27', 0.12),
(1, 36, '2017-03-27', '2017-07-05', 0.12),
(1, 37, '2017-01-01', '2017-01-08', 0.05),
(1, 37, '2017-01-08', '2017-03-01', 0.02),
(1, 37, '2017-03-01', '2017-03-27', 0.05),
(1, 37, '2017-03-27', '2017-07-05', 0.03),
(1, 38, '2017-01-01', '2017-06-09', 0.03),
(1, 38, '2017-06-09', '2017-07-05', 0.12),
(1, 39, '2017-01-01', '2017-03-12', 0.09),
(1, 39, '2017-03-12', '2017-04-11', 0.02),
(1, 39, '2017-04-11', '2017-04-30', 0.13),
(1, 39, '2017-04-30', '2017-07-05', 0.06),
(1, 40, '2017-01-01', '2017-01-19', 0.13),
(1, 40, '2017-01-19', '2017-06-17', 0.11),
(1, 40, '2017-06-17', '2017-07-05', 0.11),
(1, 41, '2017-01-01', '2017-02-07', 0.06),
(1, 41, '2017-02-07', '2017-02-10', 0.08),
(1, 41, '2017-02-10', '2017-07-05', 0.13),
(1, 42, '2017-01-01', '2017-02-25', 0),
(1, 42, '2017-02-25', '2017-07-05', 0.01),
(2, 0, '2017-01-01', '2017-01-08', 0.13),
(2, 0, '2017-01-08', '2017-01-15', 0.11),
(2, 0, '2017-01-15', '2017-05-11', 0.11),
(2, 0, '2017-05-11', '2017-07-05', 0.01),
(2, 1, '2017-01-01', '2017-05-03', 0.04),
(2, 1, '2017-05-03', '2017-07-05', 0.11),
(2, 2, '2017-01-01', '2017-05-22', 0.11),
(2, 2, '2017-05-22', '2017-07-05', 0.07),
(2, 3, '2017-01-01', '2017-01-15', 0.03),
(2, 3, '2017-01-15', '2017-03-08', 0.12),
(2, 3, '2017-03-08', '2017-03-12', 0.02),
(2, 3, '2017-03-12', '2017-07-05', 0),
(2, 4, '2017-01-01', '2017-05-18', 0.03),
(2, 4, '2017-05-18', '2017-05-29', 0.05),
(2, 4, '2017-05-29', '2017-07-05', 0.06),
(2, 5, '2017-01-01', '2017-01-08', 0.08),
(2, 5, '2017-01-08', '2017-01-15', 0.11),
(2, 5, '2017-01-15', '2017-07-05', 0.04),
(2, 6, '2017-01-01', '2017-01-30', 0.1),
(2, 6, '2017-01-30', '2017-07-05', 0.09),
(2, 7, '2017-01-01', '2017-01-27', 0.11),
(2, 7, '2017-01-27', '2017-02-03', 0.07),
(2, 7, '2017-02-03', '2017-05-11', 0.07),
(2, 7, '2017-05-11', '2017-07-05', 0.11),
(2, 8, '2017-01-01', '2017-05-22', 0.05),
(2, 8, '2017-05-22', '2017-07-05', 0.11),
(2, 9, '2017-01-01', '2017-04-30', 0.01),
(2, 9, '2017-04-30', '2017-07-05', 0.01),
(2, 10, '2017-01-01', '2017-01-30', 0),
(2, 10, '2017-01-30', '2017-05-29', 0.07),
(2, 10, '2017-05-29', '2017-07-05', 0.04),
(2, 11, '2017-01-01', '2017-02-07', 0.03),
(2, 11, '2017-02-07', '2017-06-09', 0.03),
(2, 11, '2017-06-09', '2017-07-05', 0),
(2, 12, '2017-01-01', '2017-05-29', 0.04),
(2, 12, '2017-05-29', '2017-07-05', 0.07),
(2, 13, '2017-01-01', '2017-03-23', 0.14),
(2, 13, '2017-03-23', '2017-07-02', 0.07),
(2, 13, '2017-07-02', '2017-07-05', 0.13),
(2, 14, '2017-01-01', '2017-05-14', 0.04),
(2, 14, '2017-05-14', '2017-05-18', 0.02),
(2, 14, '2017-05-18', '2017-07-05', 0.11),
(2, 15, '2017-01-01', '2017-01-12', 0.13),
(2, 15, '2017-01-12', '2017-01-15', 0.07),
(2, 15, '2017-01-15', '2017-07-05', 0.12),
(2, 16, '2017-01-01', '2017-02-18', 0.14),
(2, 16, '2017-02-18', '2017-07-05', 0.13),
(2, 17, '2017-01-01', '2017-01-19', 0.07),
(2, 17, '2017-01-19', '2017-05-22', 0.01),
(2, 17, '2017-05-22', '2017-07-05', 0.06),
(2, 18, '2017-01-01', '2017-03-12', 0),
(2, 18, '2017-03-12', '2017-07-05', 0.01),
(2, 19, '2017-01-01', '2017-02-07', 0.1),
(2, 19, '2017-02-07', '2017-03-01', 0.14),
(2, 19, '2017-03-01', '2017-03-31', 0.14),
(2, 19, '2017-03-31', '2017-07-05', 0),
(2, 20, '2017-01-01', '2017-01-12', 0.02),
(2, 20, '2017-01-12', '2017-03-16', 0.01),
(2, 20, '2017-03-16', '2017-07-05', 0.03),
(2, 21, '2017-01-01', '2017-01-30', 0.03),
(2, 21, '2017-01-30', '2017-05-07', 0.01),
(2, 21, '2017-05-07', '2017-06-28', 0.01),
(2, 21, '2017-06-28', '2017-07-05', 0.03),
(2, 22, '2017-01-01', '2017-01-04', 0.1),
(2, 22, '2017-01-04', '2017-05-03', 0.03),
(2, 22, '2017-05-03', '2017-06-02', 0.04),
(2, 22, '2017-06-02', '2017-07-05', 0.13),
(2, 23, '2017-01-01', '2017-02-25', 0.02),
(2, 23, '2017-02-25', '2017-05-07', 0.06),
(2, 23, '2017-05-07', '2017-06-24', 0.01),
(2, 23, '2017-06-24', '2017-07-05', 0.11),
(2, 24, '2017-01-01', '2017-02-25', 0.02),
(2, 24, '2017-02-25', '2017-03-08', 0),
(2, 24, '2017-03-08', '2017-07-05', 0),
(2, 25, '2017-01-01', '2017-05-22', 0.14),
(2, 25, '2017-05-22', '2017-06-17', 0.04),
(2, 25, '2017-06-17', '2017-07-05', 0.03),
(2, 26, '2017-01-01', '2017-05-26', 0.07),
(2, 26, '2017-05-26', '2017-05-29', 0.05),
(2, 26, '2017-05-29', '2017-06-24', 0.07),
(2, 26, '2017-06-24', '2017-07-05', 0.09),
(2, 27, '2017-01-01', '2017-05-29', 0.03),
(2, 27, '2017-05-29', '2017-07-05', 0.14),
(2, 28, '2017-01-01', '2017-01-23', 0.03),
(2, 28, '2017-01-23', '2017-05-18', 0.12),
(2, 28, '2017-05-18', '2017-05-22', 0.06),
(2, 28, '2017-05-22', '2017-07-05', 0.01),
(2, 29, '2017-01-01', '2017-05-03', 0.04),
(2, 29, '2017-05-03', '2017-07-05', 0.13),
(2, 30, '2017-01-01', '2017-05-18', 0.03),
(2, 30, '2017-05-18', '2017-06-28', 0.05),
(2, 30, '2017-06-28', '2017-07-05', 0.01),
(2, 31, '2017-01-01', '2017-07-02', 0.01),
(2, 31, '2017-07-02', '2017-07-05', 0.11),
(2, 32, '2017-01-01', '2017-03-05', 0.08),
(2, 32, '2017-03-05', '2017-03-16', 0.08),
(2, 32, '2017-03-16', '2017-04-15', 0.12),
(2, 32, '2017-04-15', '2017-07-05', 0.12),
(2, 33, '2017-01-01', '2017-01-27', 0.13),
(2, 33, '2017-01-27', '2017-05-22', 0.02),
(2, 33, '2017-05-22', '2017-07-05', 0.07),
(2, 34, '2017-01-01', '2017-01-12', 0),
(2, 34, '2017-01-12', '2017-02-18', 0.1),
(2, 34, '2017-02-18', '2017-06-02', 0.09),
(2, 34, '2017-06-02', '2017-07-05', 0.1),
(2, 35, '2017-01-01', '2017-01-30', 0.01),
(2, 35, '2017-01-30', '2017-02-18', 0.05),
(2, 35, '2017-02-18', '2017-07-05', 0.13),
(2, 36, '2017-01-01', '2017-06-09', 0.14),
(2, 36, '2017-06-09', '2017-07-05', 0.03),
(2, 37, '2017-01-01', '2017-03-01', 0.05),
(2, 37, '2017-03-01', '2017-04-26', 0.12),
(2, 37, '2017-04-26', '2017-06-24', 0.07),
(2, 37, '2017-06-24', '2017-07-05', 0.05),
(2, 38, '2017-01-01', '2017-01-30', 0.12),
(2, 38, '2017-01-30', '2017-07-05', 0.1),
(2, 39, '2017-01-01', '2017-04-26', 0.03),
(2, 39, '2017-04-26', '2017-07-05', 0.04),
(2, 40, '2017-01-01', '2017-01-04', 0.02),
(2, 40, '2017-01-04', '2017-07-05', 0.01),
(2, 41, '2017-01-01', '2017-03-16', 0.12),
(2, 41, '2017-03-16', '2017-07-05', 0.14),
(2, 42, '2017-01-01', '2017-01-30', 0.05),
(2, 42, '2017-01-30', '2017-03-01', 0.11),
(2, 42, '2017-03-01', '2017-06-28', 0.14),
(2, 42, '2017-06-28', '2017-07-05', 0.13),
(2, 0, '2017-01-01', '2017-06-13', 0.09),
(2, 0, '2017-06-13', '2017-07-05', 0.01),
(2, 1, '2017-01-01', '2017-03-12', 0.1),
(2, 1, '2017-03-12', '2017-04-30', 0.12),
(2, 1, '2017-04-30', '2017-07-05', 0.08),
(2, 2, '2017-01-01', '2017-03-16', 0.1),
(2, 2, '2017-03-16', '2017-04-03', 0.06),
(2, 2, '2017-04-03', '2017-04-18', 0.12),
(2, 2, '2017-04-18', '2017-07-05', 0.09),
(2, 3, '2017-01-01', '2017-03-12', 0.13),
(2, 3, '2017-03-12', '2017-03-16', 0.09),
(2, 3, '2017-03-16', '2017-03-31', 0.11),
(2, 3, '2017-03-31', '2017-07-05', 0.14),
(2, 4, '2017-01-01', '2017-02-03', 0.06),
(2, 4, '2017-02-03', '2017-05-29', 0.04),
(2, 4, '2017-05-29', '2017-07-05', 0.09),
(2, 5, '2017-01-01', '2017-02-03', 0.11),
(2, 5, '2017-02-03', '2017-07-05', 0.01),
(2, 6, '2017-01-01', '2017-02-10', 0.05),
(2, 6, '2017-02-10', '2017-07-05', 0.14),
(2, 7, '2017-01-01', '2017-03-05', 0.06),
(2, 7, '2017-03-05', '2017-04-26', 0.07),
(2, 7, '2017-04-26', '2017-05-26', 0.14),
(2, 7, '2017-05-26', '2017-07-05', 0.02),
(2, 8, '2017-01-01', '2017-01-08', 0.1),
(2, 8, '2017-01-08', '2017-07-05', 0.07),
(2, 9, '2017-01-01', '2017-01-23', 0.02),
(2, 9, '2017-01-23', '2017-01-27', 0.02),
(2, 9, '2017-01-27', '2017-04-26', 0.02),
(2, 9, '2017-04-26', '2017-07-05', 0),
(2, 10, '2017-01-01', '2017-02-14', 0.03),
(2, 10, '2017-02-14', '2017-03-27', 0.12),
(2, 10, '2017-03-27', '2017-07-05', 0.01),
(2, 11, '2017-01-01', '2017-06-09', 0.01),
(2, 11, '2017-06-09', '2017-07-05', 0.01),
(2, 12, '2017-01-01', '2017-01-08', 0.01),
(2, 12, '2017-01-08', '2017-03-27', 0.01),
(2, 12, '2017-03-27', '2017-07-02', 0.13),
(2, 12, '2017-07-02', '2017-07-05', 0.03),
(2, 13, '2017-01-01', '2017-02-25', 0.11),
(2, 13, '2017-02-25', '2017-06-09', 0.08),
(2, 13, '2017-06-09', '2017-07-05', 0.07),
(2, 14, '2017-01-01', '2017-02-25', 0.02),
(2, 14, '2017-02-25', '2017-07-05', 0.13),
(2, 15, '2017-01-01', '2017-04-07', 0.03),
(2, 15, '2017-04-07', '2017-07-05', 0.1),
(2, 16, '2017-01-01', '2017-06-21', 0.1),
(2, 16, '2017-06-21', '2017-07-05', 0.09),
(2, 17, '2017-01-01', '2017-02-18', 0.03),
(2, 17, '2017-02-18', '2017-03-27', 0.02),
(2, 17, '2017-03-27', '2017-07-05', 0.06),
(2, 18, '2017-01-01', '2017-04-18', 0),
(2, 18, '2017-04-18', '2017-07-05', 0.01),
(2, 19, '2017-01-01', '2017-04-07', 0.1),
(2, 19, '2017-04-07', '2017-06-21', 0.08),
(2, 19, '2017-06-21', '2017-07-02', 0.02),
(2, 19, '2017-07-02', '2017-07-05', 0.02),
(2, 20, '2017-01-01', '2017-01-23', 0.02),
(2, 20, '2017-01-23', '2017-07-05', 0.01),
(2, 21, '2017-01-01', '2017-03-05', 0.09),
(2, 21, '2017-03-05', '2017-05-18', 0.06),
(2, 21, '2017-05-18', '2017-07-05', 0.02),
(2, 22, '2017-01-01', '2017-02-03', 0.05),
(2, 22, '2017-02-03', '2017-06-09', 0.02),
(2, 22, '2017-06-09', '2017-06-24', 0.1),
(2, 22, '2017-06-24', '2017-07-05', 0.03),
(2, 23, '2017-01-01', '2017-03-05', 0.12),
(2, 23, '2017-03-05', '2017-04-03', 0.02),
(2, 23, '2017-04-03', '2017-07-05', 0.14),
(2, 24, '2017-01-01', '2017-05-11', 0.02),
(2, 24, '2017-05-11', '2017-07-05', 0.02),
(2, 25, '2017-01-01', '2017-04-18', 0.1),
(2, 25, '2017-04-18', '2017-07-05', 0.11),
(2, 26, '2017-01-01', '2017-03-27', 0.05),
(2, 26, '2017-03-27', '2017-06-02', 0.1),
(2, 26, '2017-06-02', '2017-07-05', 0.08),
(2, 27, '2017-01-01', '2017-01-23', 0.03),
(2, 27, '2017-01-23', '2017-02-07', 0.05),
(2, 27, '2017-02-07', '2017-04-30', 0.1),
(2, 27, '2017-04-30', '2017-07-05', 0.05),
(2, 28, '2017-01-01', '2017-03-20', 0.04),
(2, 28, '2017-03-20', '2017-04-07', 0.07),
(2, 28, '2017-04-07', '2017-07-05', 0.11),
(2, 29, '2017-01-01', '2017-02-07', 0.01),
(2, 29, '2017-02-07', '2017-05-18', 0.14),
(2, 29, '2017-05-18', '2017-07-05', 0),
(2, 30, '2017-01-01', '2017-03-16', 0.06),
(2, 30, '2017-03-16', '2017-04-22', 0.05),
(2, 30, '2017-04-22', '2017-06-28', 0.07),
(2, 30, '2017-06-28', '2017-07-05', 0.11),
(2, 31, '2017-01-01', '2017-03-08', 0.01),
(2, 31, '2017-03-08', '2017-03-23', 0.03),
(2, 31, '2017-03-23', '2017-07-02', 0.06),
(2, 31, '2017-07-02', '2017-07-05', 0.05),
(2, 32, '2017-01-01', '2017-05-18', 0.1),
(2, 32, '2017-05-18', '2017-07-05', 0.09),
(2, 33, '2017-01-01', '2017-02-18', 0.05),
(2, 33, '2017-02-18', '2017-07-05', 0.07),
(2, 34, '2017-01-01', '2017-03-12', 0.05),
(2, 34, '2017-03-12', '2017-04-03', 0),
(2, 34, '2017-04-03', '2017-07-05', 0.07),
(2, 35, '2017-01-01', '2017-04-07', 0.07),
(2, 35, '2017-04-07', '2017-07-05', 0.09),
(2, 36, '2017-01-01', '2017-01-23', 0.05),
(2, 36, '2017-01-23', '2017-07-05', 0.09),
(2, 37, '2017-01-01', '2017-02-14', 0.07),
(2, 37, '2017-02-14', '2017-03-16', 0.11),
(2, 37, '2017-03-16', '2017-03-20', 0.12),
(2, 37, '2017-03-20', '2017-07-05', 0.09),
(2, 38, '2017-01-01', '2017-06-13', 0.13),
(2, 38, '2017-06-13', '2017-07-05', 0.11),
(2, 39, '2017-01-01', '2017-06-21', 0.13),
(2, 39, '2017-06-21', '2017-07-05', 0.14),
(2, 40, '2017-01-01', '2017-05-14', 0),
(2, 40, '2017-05-14', '2017-05-18', 0),
(2, 40, '2017-05-18', '2017-05-26', 0.02),
(2, 40, '2017-05-26', '2017-07-05', 0.02),
(2, 41, '2017-01-01', '2017-02-14', 0.08),
(2, 41, '2017-02-14', '2017-06-21', 0.09),
(2, 41, '2017-06-21', '2017-07-05', 0.04),
(2, 42, '2017-01-01', '2017-03-20', 0.02),
(2, 42, '2017-03-20', '2017-05-14', 0.07),
(2, 42, '2017-05-14', '2017-05-18', 0.14),
(2, 42, '2017-05-18', '2017-07-05', 0.08),
(3, 0, '2017-01-01', '2017-02-25', 0.01),
(3, 0, '2017-02-25', '2017-03-31', 0.01),
(3, 0, '2017-03-31', '2017-05-18', 0.03),
(3, 0, '2017-05-18', '2017-07-05', 0.01),
(3, 1, '2017-01-01', '2017-03-05', 0),
(3, 1, '2017-03-05', '2017-04-22', 0.01),
(3, 1, '2017-04-22', '2017-07-05', 0),
(3, 2, '2017-01-01', '2017-04-03', 0),
(3, 2, '2017-04-03', '2017-07-05', 0.01),
(3, 3, '2017-01-01', '2017-01-04', 0.05),
(3, 3, '2017-01-04', '2017-06-21', 0.01),
(3, 3, '2017-06-21', '2017-07-05', 0),
(3, 4, '2017-01-01', '2017-02-22', 0),
(3, 4, '2017-02-22', '2017-06-02', 0.01),
(3, 4, '2017-06-02', '2017-07-05', 0.01),
(3, 5, '2017-01-01', '2017-04-26', 0.03),
(3, 5, '2017-04-26', '2017-04-30', 0),
(3, 5, '2017-04-30', '2017-07-05', 0.03),
(3, 6, '2017-01-01', '2017-01-08', 0),
(3, 6, '2017-01-08', '2017-02-18', 0.01),
(3, 6, '2017-02-18', '2017-04-07', 0),
(3, 6, '2017-04-07', '2017-07-05', 0),
(3, 7, '2017-01-01', '2017-01-04', 0),
(3, 7, '2017-01-04', '2017-06-28', 0.02),
(3, 7, '2017-06-28', '2017-07-05', 0),
(3, 8, '2017-01-01', '2017-02-07', 0.02),
(3, 8, '2017-02-07', '2017-02-10', 0.01),
(3, 8, '2017-02-10', '2017-07-05', 0.02),
(3, 9, '2017-01-01', '2017-02-10', 0.01),
(3, 9, '2017-02-10', '2017-07-05', 0.02),
(3, 10, '2017-01-01', '2017-04-15', 0.06),
(3, 10, '2017-04-15', '2017-04-22', 0.07),
(3, 10, '2017-04-22', '2017-07-05', 0.05),
(3, 11, '2017-01-01', '2017-01-27', 0),
(3, 11, '2017-01-27', '2017-04-07', 0.01),
(3, 11, '2017-04-07', '2017-07-05', 0.01),
(3, 12, '2017-01-01', '2017-04-22', 0),
(3, 12, '2017-04-22', '2017-05-11', 0),
(3, 12, '2017-05-11', '2017-05-26', 0),
(3, 12, '2017-05-26', '2017-07-05', 0),
(3, 13, '2017-01-01', '2017-02-25', 0.02),
(3, 13, '2017-02-25', '2017-05-11', 0.01),
(3, 13, '2017-05-11', '2017-06-17', 0.02),
(3, 13, '2017-06-17', '2017-07-05', 0.02),
(3, 14, '2017-01-01', '2017-01-04', 0.02),
(3, 14, '2017-01-04', '2017-03-31', 0),
(3, 14, '2017-03-31', '2017-05-14', 0.01),
(3, 14, '2017-05-14', '2017-07-05', 0.03),
(3, 15, '2017-01-01', '2017-02-03', 0.01),
(3, 15, '2017-02-03', '2017-03-20', 0.01),
(3, 15, '2017-03-20', '2017-06-06', 0.01),
(3, 15, '2017-06-06', '2017-07-05', 0),
(3, 16, '2017-01-01', '2017-03-12', 0),
(3, 16, '2017-03-12', '2017-06-21', 0.01),
(3, 16, '2017-06-21', '2017-07-05', 0.01),
(3, 17, '2017-01-01', '2017-06-17', 0.01),
(3, 17, '2017-06-17', '2017-07-05', 0.05),
(3, 18, '2017-01-01', '2017-03-12', 0.01),
(3, 18, '2017-03-12', '2017-05-11', 0),
(3, 18, '2017-05-11', '2017-07-05', 0.02),
(3, 19, '2017-01-01', '2017-03-01', 0),
(3, 19, '2017-03-01', '2017-06-24', 0.02),
(3, 19, '2017-06-24', '2017-07-05', 0.01),
(3, 20, '2017-01-01', '2017-01-12', 0.01),
(3, 20, '2017-01-12', '2017-07-05', 0),
(3, 21, '2017-01-01', '2017-05-11', 0.02),
(3, 21, '2017-05-11', '2017-07-05', 0.01),
(3, 22, '2017-01-01', '2017-01-12', 0.01),
(3, 22, '2017-01-12', '2017-05-14', 0.01),
(3, 22, '2017-05-14', '2017-06-09', 0.01),
(3, 22, '2017-06-09', '2017-07-05', 0.01),
(3, 23, '2017-01-01', '2017-04-22', 0.04),
(3, 23, '2017-04-22', '2017-07-05', 0),
(3, 24, '2017-01-01', '2017-06-28', 0),
(3, 24, '2017-06-28', '2017-07-05', 0),
(3, 25, '2017-01-01', '2017-05-18', 0),
(3, 25, '2017-05-18', '2017-07-05', 0),
(3, 26, '2017-01-01', '2017-05-11', 0),
(3, 26, '2017-05-11', '2017-07-05', 0),
(3, 27, '2017-01-01', '2017-02-03', 0.01),
(3, 27, '2017-02-03', '2017-03-27', 0.02),
(3, 27, '2017-03-27', '2017-05-03', 0.01),
(3, 27, '2017-05-03', '2017-07-05', 0.03),
(3, 28, '2017-01-01', '2017-02-07', 0.01),
(3, 28, '2017-02-07', '2017-03-16', 0.03),
(3, 28, '2017-03-16', '2017-05-22', 0.01),
(3, 28, '2017-05-22', '2017-07-05', 0.01),
(3, 29, '2017-01-01', '2017-05-14', 0),
(3, 29, '2017-05-14', '2017-06-17', 0.01),
(3, 29, '2017-06-17', '2017-07-05', 0.01),
(3, 30, '2017-01-01', '2017-02-18', 0),
(3, 30, '2017-02-18', '2017-03-27', 0),
(3, 30, '2017-03-27', '2017-04-26', 0),
(3, 30, '2017-04-26', '2017-07-05', 0),
(3, 31, '2017-01-01', '2017-04-03', 0.01),
(3, 31, '2017-04-03', '2017-04-07', 0.01),
(3, 31, '2017-04-07', '2017-07-05', 0.01),
(3, 32, '2017-01-01', '2017-01-27', 0),
(3, 32, '2017-01-27', '2017-04-15', 0.01),
(3, 32, '2017-04-15', '2017-07-05', 0.02),
(3, 33, '2017-01-01', '2017-05-18', 0.01),
(3, 33, '2017-05-18', '2017-07-05', 0.01),
(3, 34, '2017-01-01', '2017-01-04', 0.02),
(3, 34, '2017-01-04', '2017-02-22', 0),
(3, 34, '2017-02-22', '2017-07-05', 0),
(3, 35, '2017-01-01', '2017-04-03', 0),
(3, 35, '2017-04-03', '2017-07-05', 0),
(3, 36, '2017-01-01', '2017-01-30', 0.03),
(3, 36, '2017-01-30', '2017-05-18', 0.04),
(3, 36, '2017-05-18', '2017-06-28', 0.02),
(3, 36, '2017-06-28', '2017-07-05', 0.01),
(3, 37, '2017-01-01', '2017-01-30', 0.02),
(3, 37, '2017-01-30', '2017-02-10', 0.01),
(3, 37, '2017-02-10', '2017-07-05', 0.04),
(3, 38, '2017-01-01', '2017-04-11', 0.01),
(3, 38, '2017-04-11', '2017-07-02', 0),
(3, 38, '2017-07-02', '2017-07-05', 0.01),
(3, 39, '2017-01-01', '2017-01-23', 0),
(3, 39, '2017-01-23', '2017-07-05', 0),
(3, 40, '2017-01-01', '2017-04-07', 0.05),
(3, 40, '2017-04-07', '2017-07-05', 0.04),
(3, 41, '2017-01-01', '2017-05-22', 0.02),
(3, 41, '2017-05-22', '2017-07-05', 0.02),
(3, 42, '2017-01-01', '2017-04-15', 0.01),
(3, 42, '2017-04-15', '2017-05-14', 0),
(3, 42, '2017-05-14', '2017-07-05', 0),
(3, 0, '2017-01-01', '2017-06-28', 0.04),
(3, 0, '2017-06-28', '2017-07-05', 0.04),
(3, 1, '2017-01-01', '2017-01-23', 0.01),
(3, 1, '2017-01-23', '2017-07-05', 0.01),
(3, 2, '2017-01-01', '2017-05-26', 0.02),
(3, 2, '2017-05-26', '2017-07-05', 0.01),
(3, 3, '2017-01-01', '2017-02-03', 0.05),
(3, 3, '2017-02-03', '2017-02-14', 0.02),
(3, 3, '2017-02-14', '2017-06-13', 0),
(3, 3, '2017-06-13', '2017-07-05', 0.02),
(3, 4, '2017-01-01', '2017-05-29', 0.01),
(3, 4, '2017-05-29', '2017-07-05', 0),
(3, 5, '2017-01-01', '2017-01-04', 0),
(3, 5, '2017-01-04', '2017-07-05', 0.01),
(3, 6, '2017-01-01', '2017-02-25', 0.02),
(3, 6, '2017-02-25', '2017-04-11', 0),
(3, 6, '2017-04-11', '2017-07-05', 0.02),
(3, 7, '2017-01-01', '2017-05-29', 0.01),
(3, 7, '2017-05-29', '2017-07-05', 0.01),
(3, 8, '2017-01-01', '2017-01-08', 0.01),
(3, 8, '2017-01-08', '2017-03-16', 0),
(3, 8, '2017-03-16', '2017-06-24', 0.02),
(3, 8, '2017-06-24', '2017-07-05', 0.02),
(3, 9, '2017-01-01', '2017-05-07', 0.03),
(3, 9, '2017-05-07', '2017-05-14', 0.03),
(3, 9, '2017-05-14', '2017-07-05', 0.03),
(3, 10, '2017-01-01', '2017-01-15', 0),
(3, 10, '2017-01-15', '2017-01-27', 0.04),
(3, 10, '2017-01-27', '2017-06-02', 0.03),
(3, 10, '2017-06-02', '2017-07-05', 0.07),
(3, 11, '2017-01-01', '2017-04-11', 0.01),
(3, 11, '2017-04-11', '2017-06-21', 0.01),
(3, 11, '2017-06-21', '2017-07-05', 0.01),
(3, 12, '2017-01-01', '2017-01-19', 0),
(3, 12, '2017-01-19', '2017-03-16', 0),
(3, 12, '2017-03-16', '2017-05-26', 0),
(3, 12, '2017-05-26', '2017-07-05', 0),
(3, 13, '2017-01-01', '2017-01-08', 0.01),
(3, 13, '2017-01-08', '2017-04-03', 0.02),
(3, 13, '2017-04-03', '2017-06-24', 0),
(3, 13, '2017-06-24', '2017-07-05', 0.01),
(3, 14, '2017-01-01', '2017-03-05', 0.03),
(3, 14, '2017-03-05', '2017-05-29', 0.01),
(3, 14, '2017-05-29', '2017-07-05', 0.02),
(3, 15, '2017-01-01', '2017-02-14', 0.01),
(3, 15, '2017-02-14', '2017-04-18', 0),
(3, 15, '2017-04-18', '2017-06-13', 0.01),
(3, 15, '2017-06-13', '2017-07-05', 0.01),
(3, 16, '2017-01-01', '2017-01-23', 0.01),
(3, 16, '2017-01-23', '2017-06-17', 0.01),
(3, 16, '2017-06-17', '2017-07-02', 0.01),
(3, 16, '2017-07-02', '2017-07-05', 0),
(3, 17, '2017-01-01', '2017-02-18', 0.04),
(3, 17, '2017-02-18', '2017-03-27', 0.01),
(3, 17, '2017-03-27', '2017-06-17', 0.02),
(3, 17, '2017-06-17', '2017-07-05', 0.01),
(3, 18, '2017-01-01', '2017-01-27', 0.02),
(3, 18, '2017-01-27', '2017-03-01', 0),
(3, 18, '2017-03-01', '2017-07-05', 0.02),
(3, 19, '2017-01-01', '2017-02-18', 0.02),
(3, 19, '2017-02-18', '2017-03-08', 0.01),
(3, 19, '2017-03-08', '2017-07-05', 0.03),
(3, 20, '2017-01-01', '2017-05-22', 0),
(3, 20, '2017-05-22', '2017-07-05', 0),
(3, 21, '2017-01-01', '2017-01-30', 0.01),
(3, 21, '2017-01-30', '2017-02-10', 0.01),
(3, 21, '2017-02-10', '2017-02-18', 0.03),
(3, 21, '2017-02-18', '2017-07-05', 0.01),
(3, 22, '2017-01-01', '2017-04-18', 0.01),
(3, 22, '2017-04-18', '2017-06-13', 0.01),
(3, 22, '2017-06-13', '2017-07-05', 0),
(3, 23, '2017-01-01', '2017-04-18', 0.04),
(3, 23, '2017-04-18', '2017-06-06', 0.02),
(3, 23, '2017-06-06', '2017-07-05', 0.02),
(3, 24, '2017-01-01', '2017-03-16', 0),
(3, 24, '2017-03-16', '2017-05-14', 0),
(3, 24, '2017-05-14', '2017-05-29', 0),
(3, 24, '2017-05-29', '2017-07-05', 0),
(3, 25, '2017-01-01', '2017-03-16', 0),
(3, 25, '2017-03-16', '2017-03-27', 0),
(3, 25, '2017-03-27', '2017-07-05', 0),
(3, 26, '2017-01-01', '2017-06-21', 0),
(3, 26, '2017-06-21', '2017-06-28', 0),
(3, 26, '2017-06-28', '2017-07-05', 0),
(3, 27, '2017-01-01', '2017-05-11', 0.03),
(3, 27, '2017-05-11', '2017-07-05', 0),
(3, 28, '2017-01-01', '2017-03-23', 0.02),
(3, 28, '2017-03-23', '2017-05-18', 0.03),
(3, 28, '2017-05-18', '2017-06-13', 0.01),
(3, 28, '2017-06-13', '2017-07-05', 0.01),
(3, 29, '2017-01-01', '2017-01-23', 0.01),
(3, 29, '2017-01-23', '2017-05-11', 0.01),
(3, 29, '2017-05-11', '2017-05-29', 0.01),
(3, 29, '2017-05-29', '2017-07-05', 0.01),
(3, 30, '2017-01-01', '2017-02-22', 0),
(3, 30, '2017-02-22', '2017-07-05', 0),
(3, 31, '2017-01-01', '2017-01-04', 0),
(3, 31, '2017-01-04', '2017-05-14', 0.01),
(3, 31, '2017-05-14', '2017-06-17', 0.01),
(3, 31, '2017-06-17', '2017-07-05', 0),
(3, 32, '2017-01-01', '2017-02-18', 0.03),
(3, 32, '2017-02-18', '2017-05-18', 0.03),
(3, 32, '2017-05-18', '2017-07-05', 0.03),
(3, 33, '2017-01-01', '2017-03-20', 0.02),
(3, 33, '2017-03-20', '2017-07-02', 0),
(3, 33, '2017-07-02', '2017-07-05', 0),
(3, 34, '2017-01-01', '2017-04-07', 0),
(3, 34, '2017-04-07', '2017-06-17', 0.01),
(3, 34, '2017-06-17', '2017-07-02', 0.02),
(3, 34, '2017-07-02', '2017-07-05', 0.01),
(3, 35, '2017-01-01', '2017-03-23', 0),
(3, 35, '2017-03-23', '2017-07-05', 0),
(3, 36, '2017-01-01', '2017-03-05', 0.03),
(3, 36, '2017-03-05', '2017-04-03', 0.04),
(3, 36, '2017-04-03', '2017-04-11', 0.02),
(3, 36, '2017-04-11', '2017-07-05', 0.01),
(3, 37, '2017-01-01', '2017-03-20', 0.01),
(3, 37, '2017-03-20', '2017-07-02', 0.04),
(3, 37, '2017-07-02', '2017-07-05', 0.01),
(3, 38, '2017-01-01', '2017-02-22', 0.02),
(3, 38, '2017-02-22', '2017-03-31', 0.02),
(3, 38, '2017-03-31', '2017-07-02', 0),
(3, 38, '2017-07-02', '2017-07-05', 0.02),
(3, 39, '2017-01-01', '2017-03-16', 0),
(3, 39, '2017-03-16', '2017-04-18', 0),
(3, 39, '2017-04-18', '2017-07-05', 0),
(3, 40, '2017-01-01', '2017-02-14', 0.02),
(3, 40, '2017-02-14', '2017-02-18', 0.03),
(3, 40, '2017-02-18', '2017-05-11', 0.02),
(3, 40, '2017-05-11', '2017-07-05', 0.07),
(3, 41, '2017-01-01', '2017-03-05', 0.02),
(3, 41, '2017-03-05', '2017-03-31', 0.02),
(3, 41, '2017-03-31', '2017-07-05', 0.02),
(3, 42, '2017-01-01', '2017-05-07', 0.01),
(3, 42, '2017-05-07', '2017-06-13', 0.01),
(3, 42, '2017-06-13', '2017-07-05', 0);

-- --------------------------------------------------------

--
-- Table structure for table `packages`
--

CREATE TABLE `packages` (
  `package_id` int(11) NOT NULL,
  `estimated_cost` int(11) NOT NULL,
  `project_id` int(11) NOT NULL,
  `timeline_from` date NOT NULL,
  `timeline_to` date NOT NULL
) ENGINE=InnoDB DEFAULT CHARSET=utf8mb4 COLLATE=utf8mb4_unicode_ci;

--
-- Dumping data for table `packages`
--

INSERT INTO `packages` (`package_id`, `estimated_cost`, `project_id`, `timeline_from`, `timeline_to`) VALUES
(0, 2119500, 0, '2017-06-02', '2017-07-02'),
(1, 1062540, 0, '2017-04-27', '2017-05-27'),
(2, 8647560, 0, '2016-12-12', '2017-01-12'),
(3, 1422720, 0, '2017-03-21', '2017-04-21'),
(4, 3709620, 0, '2017-02-18', '2017-03-18');

-- --------------------------------------------------------

--
-- Table structure for table `packages_contractors`
--

CREATE TABLE `packages_contractors` (
  `package_id` int(11) NOT NULL,
  `contractors_id` int(11) NOT NULL
) ENGINE=InnoDB DEFAULT CHARSET=utf8mb4 COLLATE=utf8mb4_unicode_ci;

--
-- Dumping data for table `packages_contractors`
--

INSERT INTO `packages_contractors` (`package_id`, `contractors_id`) VALUES
(0, 3),
(0, 0),
(0, 2),
(0, 1),
(1, 1),
(1, 2),
(1, 3),
(1, 0),
(2, 0),
(2, 1),
(2, 3),
(3, 1),
(3, 2),
(3, 3),
(3, 0),
(4, 3),
(4, 0),
(4, 1);

-- --------------------------------------------------------

--
-- Table structure for table `packages_products`
--

CREATE TABLE `packages_products` (
  `package_id` int(11) NOT NULL,
  `product_id` int(11) NOT NULL,
  `quantity` int(11) NOT NULL
) ENGINE=InnoDB DEFAULT CHARSET=utf8mb4 COLLATE=utf8mb4_unicode_ci;

--
-- Dumping data for table `packages_products`
--

INSERT INTO `packages_products` (`package_id`, `product_id`, `quantity`) VALUES
(0, 24, 1),
(0, 37, 1),
(0, 20, 1),
(0, 27, 1),
(0, 23, 1),
(0, 19, 1),
(0, 11, 1),
(1, 34, 2),
(1, 32, 1),
(1, 22, 17),
(1, 26, 1),
(1, 11, 1),
(1, 12, 2),
(1, 10, 16),
(2, 30, 1),
(2, 8, 76),
(2, 10, 319),
(2, 33, 1),
(2, 5, 5),
(2, 13, 3),
(2, 22, 8),
(2, 3, 5),
(2, 37, 1),
(2, 21, 1),
(3, 27, 1),
(3, 32, 1),
(3, 23, 1),
(3, 26, 1),
(3, 2, 3),
(4, 30, 1),
(4, 35, 1),
(4, 2, 349),
(4, 39, 1),
(4, 38, 1),
(4, 9, 7);

-- --------------------------------------------------------

--
-- Table structure for table `product`
--

CREATE TABLE `product` (
  `product_id` int(11) NOT NULL,
  `description` varchar(200) COLLATE utf8mb4_unicode_ci NOT NULL,
  `unit` varchar(200) COLLATE utf8mb4_unicode_ci NOT NULL,
  `project_id` int(11) DEFAULT NULL
) ENGINE=InnoDB DEFAULT CHARSET=utf8mb4 COLLATE=utf8mb4_unicode_ci;

--
-- Dumping data for table `product`
--

INSERT INTO `product` (`product_id`, `description`, `unit`, `project_id`) VALUES
(0, 'May tram (PC)', 'Bo', 0),
(1, 'May tinh xach tay', 'Chiec', 0),
(2, 'May in ', 'Chiec', 0),
(3, 'May in mau', 'Chiec', 0),
(4, 'May Scanner', 'Chiec', 0),
(5, 'Luu dien may chu', 'Chiec', 0),
(6, 'May chieu', 'Chiec', 0),
(7, 'Chong set', 'Diem', 0),
(8, 'Modem ADSL', 'Chiec', 0),
(9, 'Router', 'Bo', 0),
(10, 'Switch', 'Bo', 0),
(11, 'Thiet bi dinh tuyen Cisco Router ISR4331-AX/K9 (hoac tuong duong)', 'Bo', 0),
(12, 'Chuyen mach Switch Switch Cisco Catalyst WS-C2960X-24TS-L (hoac tuong duong)', 'Bo', 0),
(13, 'May chu (Ao hoa thanh cac may chu ung dung CSDL) Dell PowerEdge R730 (hoac tuong duong)', 'Bo', 0),
(14, 'May chu ATK Dell PowerEdge R630 (hoac tuong duong)', 'Bo', 0),
(15, 'May chu Virus + Kiem soat ket noi internet Dell PowerEdge R630 (hoac tuong duong)', 'Bo', 0),
(16, 'Tu dia luu tru SAN Dell PowerVault MD3820f,  16G Fibre Channel, 2U-24 drive (hoac tuong duong)', 'Bo', 0),
(17, 'SAN Switch Brocade 300 Ports-On-Demand 8Gb FC Switch (8 x 8G SFP + 16 Empty Ports) (hoac tuong duong)', 'Bo', 0),
(18, 'Tu Rack Viet Rack 42U 19\' (hoac tuong duong)', 'Bo', 0),
(19, 'He thong UPS Eaton 9PX11KiRT 11kVa/10kW (hoac tuong duong)', 'Bo', 0),
(20, 'He thong chong set Emerson + APC (hoac tuong duong)', 'He thong', 0),
(21, 'He thong bao chay chay', 'He thong', 0),
(22, 'He thong san nang ky thuat San nang HPL Huatong cach tinh dien, chong chay (hoac tuong duong)', 'm2', 0),
(23, 'He thong camera quan sat Avtech (hoac tuong duong)', 'He thong', 0),
(24, 'He thong giam sat APC - ISX management and EMS system (hoac tuong duong)', 'He thong', 0),
(25, 'He thong chieu sang, o cam Sino (hoac tuong duong)', 'He thong', 0),
(26, 'Thi cong he thong + cap ket noi AMP (hoac tuong duong)', 'He thong', 0),
(27, 'HDH cho may chu Microsoft (hoac tuong duong)', 'Bo', 0),
(28, 'Phan mem backup Symatec Backup Exec 2014 (hoac tuong duong)', 'bo', 0),
(29, 'Phan mem Antivirus cho may chu Kaspersky Anti-Virus for Windows File Server EE (hoac tuong duong)', 'Bo', 0),
(30, 'Thiet bi dau cuoi ma hoa video chuan Full HD 1080 Poycom Group 500', 'Bo', 0),
(31, 'He thong camera tu dong bat nguoi phat bieu EagleEye Director', 'Chiec', 0),
(32, 'Thiet bi but ve dien tu Polycom UC Board', 'Bo', 0),
(33, 'Thiet bi ghi hinh Polycom Media Suite Appliance Edition (2U Server)', 'Bo', 0),
(34, 'Micro da huong dat ban Polycom Microphone Array', 'Chiec', 0),
(35, 'Man hinh lon hien thi chuyen nghiep 65\' Sam Sung UA65JU6600', 'Chiec', 0),
(36, 'Man hinh lon hien thi 48\' cho chu toa Sam Sung UA48J5100', 'Chiec', 0),
(37, 'Man hinh hien thi du lieu trinh chieu ket hop voi but dien tu 24\' Sam Sung UA24J4100', 'Chiec', 0),
(38, 'Thiet bi phan phoi tin hieu hinh anh ra cac man hinh VM-8H cua Kramer', 'Bo', 0),
(39, 'Bo khuech dai am thanh 120W PLE-1MA120-EU cua Bosch', 'Bo', 0),
(40, 'Loa cot treo tuong 12W LB1-UW12-L/D cua Bosch', 'Chiec', 0),
(41, 'Vat tu, phu kien ( du kien )', 'Goi', 0),
(42, 'Dao tao huong dan su dung, van chuyen va Nhan cong, lap dat', 'Goi', 0);

-- --------------------------------------------------------

--
-- Table structure for table `project`
--

CREATE TABLE `project` (
  `project_id` int(11) NOT NULL,
  `inflation_rate` double NOT NULL,
  `start_date` date NOT NULL
) ENGINE=InnoDB DEFAULT CHARSET=utf8mb4 COLLATE=utf8mb4_unicode_ci;

--
-- Dumping data for table `project`
--

INSERT INTO `project` (`project_id`, `inflation_rate`, `start_date`) VALUES
(0, 0.01, '2017-01-01');
COMMIT;

/*!40101 SET CHARACTER_SET_CLIENT=@OLD_CHARACTER_SET_CLIENT */;
/*!40101 SET CHARACTER_SET_RESULTS=@OLD_CHARACTER_SET_RESULTS */;
/*!40101 SET COLLATION_CONNECTION=@OLD_COLLATION_CONNECTION */;
